Window_Num,Num_Packets,Avg_DNP3_Length,IP_Port_Src,IP_Port_Dst,Function_Codes,IIN_Val_Change,IIN_Bits_Set,Data_Object_Change,Attack
10621,4,13.5,"['192.168.1.70:49127', '192.168.1.74:20000']","['192.168.1.70:49127', '192.168.1.74:20000']","[0, 2, 0, 0, 0, 0, 0, 0, 0, 0, 0, 0, 0, 0, 0, 0, 2, 0]",0,[],0,0
10622,4,13.5,"['192.168.1.70:49127', '192.168.1.74:20000']","['192.168.1.70:49127', '192.168.1.74:20000']","[0, 2, 0, 0, 0, 0, 0, 0, 0, 0, 0, 0, 0, 0, 0, 0, 2, 0]",0,[],0,0
10623,6,13.5,"['192.168.1.70:49127', '192.168.1.74:20000']","['192.168.1.70:49127', '192.168.1.74:20000']","[0, 3, 0, 0, 0, 0, 0, 0, 0, 0, 0, 0, 0, 0, 0, 0, 3, 0]",0,[],0,0
10624,4,13.5,"['192.168.1.70:49127', '192.168.1.74:20000']","['192.168.1.70:49127', '192.168.1.74:20000']","[0, 2, 0, 0, 0, 0, 0, 0, 0, 0, 0, 0, 0, 0, 0, 0, 2, 0]",0,[],0,0
10625,4,13.5,"['192.168.1.70:49127', '192.168.1.74:20000']","['192.168.1.70:49127', '192.168.1.74:20000']","[0, 2, 0, 0, 0, 0, 0, 0, 0, 0, 0, 0, 0, 0, 0, 0, 2, 0]",0,[],0,0
10626,6,13.5,"['192.168.1.70:49127', '192.168.1.74:20000']","['192.168.1.70:49127', '192.168.1.74:20000']","[0, 3, 0, 0, 0, 0, 0, 0, 0, 0, 0, 0, 0, 0, 0, 0, 3, 0]",0,[],0,0
10627,4,13.5,"['192.168.1.70:49127', '192.168.1.74:20000']","['192.168.1.70:49127', '192.168.1.74:20000']","[0, 2, 0, 0, 0, 0, 0, 0, 0, 0, 0, 0, 0, 0, 0, 0, 2, 0]",0,[],0,0
10628,4,13.5,"['192.168.1.70:49127', '192.168.1.74:20000']","['192.168.1.70:49127', '192.168.1.74:20000']","[0, 2, 0, 0, 0, 0, 0, 0, 0, 0, 0, 0, 0, 0, 0, 0, 2, 0]",0,[],0,0
10629,8,29.12,"['192.168.1.70:49127', '192.168.1.74:20000']","['192.168.1.70:49127', '192.168.1.74:20000']","[0, 4, 0, 0, 0, 0, 0, 0, 0, 0, 0, 0, 0, 0, 0, 0, 4, 0]",0,[],0,0
10630,4,13.5,"['192.168.1.70:49127', '192.168.1.74:20000']","['192.168.1.70:49127', '192.168.1.74:20000']","[0, 2, 0, 0, 0, 0, 0, 0, 0, 0, 0, 0, 0, 0, 0, 0, 2, 0]",0,[],0,0
10631,4,13.5,"['192.168.1.70:49127', '192.168.1.74:20000']","['192.168.1.70:49127', '192.168.1.74:20000']","[0, 2, 0, 0, 0, 0, 0, 0, 0, 0, 0, 0, 0, 0, 0, 0, 2, 0]",0,[],0,0
10632,6,13.5,"['192.168.1.70:49127', '192.168.1.74:20000']","['192.168.1.70:49127', '192.168.1.74:20000']","[0, 3, 0, 0, 0, 0, 0, 0, 0, 0, 0, 0, 0, 0, 0, 0, 3, 0]",0,[],0,0
10633,4,13.5,"['192.168.1.70:49127', '192.168.1.74:20000']","['192.168.1.70:49127', '192.168.1.74:20000']","[0, 2, 0, 0, 0, 0, 0, 0, 0, 0, 0, 0, 0, 0, 0, 0, 2, 0]",0,[],0,0
10634,4,13.5,"['192.168.1.70:49127', '192.168.1.74:20000']","['192.168.1.70:49127', '192.168.1.74:20000']","[0, 2, 0, 0, 0, 0, 0, 0, 0, 0, 0, 0, 0, 0, 0, 0, 2, 0]",0,[],0,0
10635,6,13.5,"['192.168.1.70:49127', '192.168.1.74:20000']","['192.168.1.70:49127', '192.168.1.74:20000']","[0, 3, 0, 0, 0, 0, 0, 0, 0, 0, 0, 0, 0, 0, 0, 0, 3, 0]",0,[],0,0
10636,4,13.5,"['192.168.1.70:49127', '192.168.1.74:20000']","['192.168.1.70:49127', '192.168.1.74:20000']","[0, 2, 0, 0, 0, 0, 0, 0, 0, 0, 0, 0, 0, 0, 0, 0, 2, 0]",0,[],0,0
10637,4,13.5,"['192.168.1.70:49127', '192.168.1.74:20000']","['192.168.1.70:49127', '192.168.1.74:20000']","[0, 2, 0, 0, 0, 0, 0, 0, 0, 0, 0, 0, 0, 0, 0, 0, 2, 0]",0,[],0,0
10638,6,13.5,"['192.168.1.70:49127', '192.168.1.74:20000']","['192.168.1.70:49127', '192.168.1.74:20000']","[0, 3, 0, 0, 0, 0, 0, 0, 0, 0, 0, 0, 0, 0, 0, 0, 3, 0]",0,[],0,0
10639,4,13.5,"['192.168.1.70:49127', '192.168.1.74:20000']","['192.168.1.70:49127', '192.168.1.74:20000']","[0, 2, 0, 0, 0, 0, 0, 0, 0, 0, 0, 0, 0, 0, 0, 0, 2, 0]",0,[],0,0
10640,4,13.5,"['192.168.1.70:49127', '192.168.1.74:20000']","['192.168.1.70:49127', '192.168.1.74:20000']","[0, 2, 0, 0, 0, 0, 0, 0, 0, 0, 0, 0, 0, 0, 0, 0, 2, 0]",0,[],0,0
10641,4,13.5,"['192.168.1.70:49127', '192.168.1.74:20000']","['192.168.1.70:49127', '192.168.1.74:20000']","[0, 2, 0, 0, 0, 0, 0, 0, 0, 0, 0, 0, 0, 0, 0, 0, 2, 0]",0,[],0,0
10642,8,29.12,"['192.168.1.70:49127', '192.168.1.74:20000']","['192.168.1.70:49127', '192.168.1.74:20000']","[0, 4, 0, 0, 0, 0, 0, 0, 0, 0, 0, 0, 0, 0, 0, 0, 4, 0]",0,[],0,0
10643,4,13.5,"['192.168.1.70:49127', '192.168.1.74:20000']","['192.168.1.70:49127', '192.168.1.74:20000']","[0, 2, 0, 0, 0, 0, 0, 0, 0, 0, 0, 0, 0, 0, 0, 0, 2, 0]",0,[],0,0
10644,4,13.5,"['192.168.1.70:49127', '192.168.1.74:20000']","['192.168.1.70:49127', '192.168.1.74:20000']","[0, 2, 0, 0, 0, 0, 0, 0, 0, 0, 0, 0, 0, 0, 0, 0, 2, 0]",0,[],0,0
10645,6,13.5,"['192.168.1.70:49127', '192.168.1.74:20000']","['192.168.1.70:49127', '192.168.1.74:20000']","[0, 3, 0, 0, 0, 0, 0, 0, 0, 0, 0, 0, 0, 0, 0, 0, 3, 0]",0,[],0,0
10646,4,13.5,"['192.168.1.70:49127', '192.168.1.74:20000']","['192.168.1.70:49127', '192.168.1.74:20000']","[0, 2, 0, 0, 0, 0, 0, 0, 0, 0, 0, 0, 0, 0, 0, 0, 2, 0]",0,[],0,0
10647,4,13.5,"['192.168.1.70:49127', '192.168.1.74:20000']","['192.168.1.70:49127', '192.168.1.74:20000']","[0, 2, 0, 0, 0, 0, 0, 0, 0, 0, 0, 0, 0, 0, 0, 0, 2, 0]",0,[],0,0
10648,6,13.5,"['192.168.1.70:49127', '192.168.1.74:20000']","['192.168.1.70:49127', '192.168.1.74:20000']","[0, 3, 0, 0, 0, 0, 0, 0, 0, 0, 0, 0, 0, 0, 0, 0, 3, 0]",0,[],0,0
10649,4,13.5,"['192.168.1.70:49127', '192.168.1.74:20000']","['192.168.1.70:49127', '192.168.1.74:20000']","[0, 2, 0, 0, 0, 0, 0, 0, 0, 0, 0, 0, 0, 0, 0, 0, 2, 0]",0,[],0,0
10650,4,13.5,"['192.168.1.70:49127', '192.168.1.74:20000']","['192.168.1.70:49127', '192.168.1.74:20000']","[0, 2, 0, 0, 0, 0, 0, 0, 0, 0, 0, 0, 0, 0, 0, 0, 2, 0]",0,[],0,0
10651,6,13.5,"['192.168.1.70:49127', '192.168.1.74:20000']","['192.168.1.70:49127', '192.168.1.74:20000']","[0, 3, 0, 0, 0, 0, 0, 0, 0, 0, 0, 0, 0, 0, 0, 0, 3, 0]",0,[],0,0
10652,4,13.5,"['192.168.1.70:49127', '192.168.1.74:20000']","['192.168.1.70:49127', '192.168.1.74:20000']","[0, 2, 0, 0, 0, 0, 0, 0, 0, 0, 0, 0, 0, 0, 0, 0, 2, 0]",0,[],0,0
10653,4,13.5,"['192.168.1.70:49127', '192.168.1.74:20000']","['192.168.1.70:49127', '192.168.1.74:20000']","[0, 2, 0, 0, 0, 0, 0, 0, 0, 0, 0, 0, 0, 0, 0, 0, 2, 0]",0,[],0,0
10654,6,13.5,"['192.168.1.70:49127', '192.168.1.74:20000']","['192.168.1.70:49127', '192.168.1.74:20000']","[0, 3, 0, 0, 0, 0, 0, 0, 0, 0, 0, 0, 0, 0, 0, 0, 3, 0]",0,[],0,0
10655,6,34.33,"['192.168.1.70:49127', '192.168.1.74:20000']","['192.168.1.70:49127', '192.168.1.74:20000']","[0, 3, 0, 0, 0, 0, 0, 0, 0, 0, 0, 0, 0, 0, 0, 0, 3, 0]",0,[],0,0
10656,4,13.5,"['192.168.1.70:49127', '192.168.1.74:20000']","['192.168.1.70:49127', '192.168.1.74:20000']","[0, 2, 0, 0, 0, 0, 0, 0, 0, 0, 0, 0, 0, 0, 0, 0, 2, 0]",0,[],0,0
10657,6,13.5,"['192.168.1.70:49127', '192.168.1.74:20000']","['192.168.1.70:49127', '192.168.1.74:20000']","[0, 3, 0, 0, 0, 0, 0, 0, 0, 0, 0, 0, 0, 0, 0, 0, 3, 0]",0,[],0,0
10658,4,13.5,"['192.168.1.70:49127', '192.168.1.74:20000']","['192.168.1.70:49127', '192.168.1.74:20000']","[0, 2, 0, 0, 0, 0, 0, 0, 0, 0, 0, 0, 0, 0, 0, 0, 2, 0]",0,[],0,0
10659,4,13.5,"['192.168.1.70:49127', '192.168.1.74:20000']","['192.168.1.70:49127', '192.168.1.74:20000']","[0, 2, 0, 0, 0, 0, 0, 0, 0, 0, 0, 0, 0, 0, 0, 0, 2, 0]",0,[],0,0
10660,6,13.5,"['192.168.1.70:49127', '192.168.1.74:20000']","['192.168.1.70:49127', '192.168.1.74:20000']","[0, 3, 0, 0, 0, 0, 0, 0, 0, 0, 0, 0, 0, 0, 0, 0, 3, 0]",0,[],0,0
10661,4,13.5,"['192.168.1.70:49127', '192.168.1.74:20000']","['192.168.1.70:49127', '192.168.1.74:20000']","[0, 2, 0, 0, 0, 0, 0, 0, 0, 0, 0, 0, 0, 0, 0, 0, 2, 0]",0,[],0,0
10662,4,13.5,"['192.168.1.70:49127', '192.168.1.74:20000']","['192.168.1.70:49127', '192.168.1.74:20000']","[0, 2, 0, 0, 0, 0, 0, 0, 0, 0, 0, 0, 0, 0, 0, 0, 2, 0]",0,[],0,0
10663,6,13.5,"['192.168.1.70:49127', '192.168.1.74:20000']","['192.168.1.70:49127', '192.168.1.74:20000']","[0, 3, 0, 0, 0, 0, 0, 0, 0, 0, 0, 0, 0, 0, 0, 0, 3, 0]",0,[],0,0
10664,4,13.5,"['192.168.1.70:49127', '192.168.1.74:20000']","['192.168.1.70:49127', '192.168.1.74:20000']","[0, 2, 0, 0, 0, 0, 0, 0, 0, 0, 0, 0, 0, 0, 0, 0, 2, 0]",0,[],0,0
10665,4,13.5,"['192.168.1.70:49127', '192.168.1.74:20000']","['192.168.1.70:49127', '192.168.1.74:20000']","[0, 2, 0, 0, 0, 0, 0, 0, 0, 0, 0, 0, 0, 0, 0, 0, 2, 0]",0,[],0,0
10666,6,13.5,"['192.168.1.70:49127', '192.168.1.74:20000']","['192.168.1.70:49127', '192.168.1.74:20000']","[0, 3, 0, 0, 0, 0, 0, 0, 0, 0, 0, 0, 0, 0, 0, 0, 3, 0]",0,[],0,0
10667,4,13.5,"['192.168.1.70:49127', '192.168.1.74:20000']","['192.168.1.70:49127', '192.168.1.74:20000']","[0, 2, 0, 0, 0, 0, 0, 0, 0, 0, 0, 0, 0, 0, 0, 0, 2, 0]",0,[],0,0
10668,6,34.33,"['192.168.1.70:49127', '192.168.1.74:20000']","['192.168.1.70:49127', '192.168.1.74:20000']","[0, 3, 0, 0, 0, 0, 0, 0, 0, 0, 0, 0, 0, 0, 0, 0, 3, 0]",0,[],0,0
10669,6,13.5,"['192.168.1.70:49127', '192.168.1.74:20000']","['192.168.1.70:49127', '192.168.1.74:20000']","[0, 3, 0, 0, 0, 0, 0, 0, 0, 0, 0, 0, 0, 0, 0, 0, 3, 0]",0,[],0,0
10670,4,13.5,"['192.168.1.70:49127', '192.168.1.74:20000']","['192.168.1.70:49127', '192.168.1.74:20000']","[0, 2, 0, 0, 0, 0, 0, 0, 0, 0, 0, 0, 0, 0, 0, 0, 2, 0]",0,[],0,0
10671,4,13.5,"['192.168.1.70:49127', '192.168.1.74:20000']","['192.168.1.70:49127', '192.168.1.74:20000']","[0, 2, 0, 0, 0, 0, 0, 0, 0, 0, 0, 0, 0, 0, 0, 0, 2, 0]",0,[],0,0
10672,6,13.5,"['192.168.1.70:49127', '192.168.1.74:20000']","['192.168.1.70:49127', '192.168.1.74:20000']","[0, 3, 0, 0, 0, 0, 0, 0, 0, 0, 0, 0, 0, 0, 0, 0, 3, 0]",0,[],0,0
10673,4,13.5,"['192.168.1.70:49127', '192.168.1.74:20000']","['192.168.1.70:49127', '192.168.1.74:20000']","[0, 2, 0, 0, 0, 0, 0, 0, 0, 0, 0, 0, 0, 0, 0, 0, 2, 0]",0,[],0,0
10674,4,13.5,"['192.168.1.70:49127', '192.168.1.74:20000']","['192.168.1.70:49127', '192.168.1.74:20000']","[0, 2, 0, 0, 0, 0, 0, 0, 0, 0, 0, 0, 0, 0, 0, 0, 2, 0]",0,[],0,0
10675,6,13.5,"['192.168.1.70:49127', '192.168.1.74:20000']","['192.168.1.70:49127', '192.168.1.74:20000']","[0, 3, 0, 0, 0, 0, 0, 0, 0, 0, 0, 0, 0, 0, 0, 0, 3, 0]",0,[],0,0
10676,4,13.5,"['192.168.1.70:49127', '192.168.1.74:20000']","['192.168.1.70:49127', '192.168.1.74:20000']","[0, 2, 0, 0, 0, 0, 0, 0, 0, 0, 0, 0, 0, 0, 0, 0, 2, 0]",0,[],0,0
10677,4,13.5,"['192.168.1.70:49127', '192.168.1.74:20000']","['192.168.1.70:49127', '192.168.1.74:20000']","[0, 2, 0, 0, 0, 0, 0, 0, 0, 0, 0, 0, 0, 0, 0, 0, 2, 0]",0,[],0,0
10678,6,13.5,"['192.168.1.70:49127', '192.168.1.74:20000']","['192.168.1.70:49127', '192.168.1.74:20000']","[0, 3, 0, 0, 0, 0, 0, 0, 0, 0, 0, 0, 0, 0, 0, 0, 3, 0]",0,[],0,0
10679,4,13.5,"['192.168.1.70:49127', '192.168.1.74:20000']","['192.168.1.70:49127', '192.168.1.74:20000']","[0, 2, 0, 0, 0, 0, 0, 0, 0, 0, 0, 0, 0, 0, 0, 0, 2, 0]",0,[],0,0
10680,4,13.5,"['192.168.1.70:49127', '192.168.1.74:20000']","['192.168.1.70:49127', '192.168.1.74:20000']","[0, 2, 0, 0, 0, 0, 0, 0, 0, 0, 0, 0, 0, 0, 0, 0, 2, 0]",0,[],0,0
10681,8,29.12,"['192.168.1.70:49127', '192.168.1.74:20000']","['192.168.1.70:49127', '192.168.1.74:20000']","[0, 4, 0, 0, 0, 0, 0, 0, 0, 0, 0, 0, 0, 0, 0, 0, 4, 0]",0,[],0,0
10682,4,13.5,"['192.168.1.70:49127', '192.168.1.74:20000']","['192.168.1.70:49127', '192.168.1.74:20000']","[0, 2, 0, 0, 0, 0, 0, 0, 0, 0, 0, 0, 0, 0, 0, 0, 2, 0]",0,[],0,0
10683,4,13.5,"['192.168.1.70:49127', '192.168.1.74:20000']","['192.168.1.70:49127', '192.168.1.74:20000']","[0, 2, 0, 0, 0, 0, 0, 0, 0, 0, 0, 0, 0, 0, 0, 0, 2, 0]",0,[],0,0
10684,6,13.5,"['192.168.1.70:49127', '192.168.1.74:20000']","['192.168.1.70:49127', '192.168.1.74:20000']","[0, 3, 0, 0, 0, 0, 0, 0, 0, 0, 0, 0, 0, 0, 0, 0, 3, 0]",0,[],0,0
10685,4,13.5,"['192.168.1.70:49127', '192.168.1.74:20000']","['192.168.1.70:49127', '192.168.1.74:20000']","[0, 2, 0, 0, 0, 0, 0, 0, 0, 0, 0, 0, 0, 0, 0, 0, 2, 0]",0,[],0,0
10686,4,13.5,"['192.168.1.70:49127', '192.168.1.74:20000']","['192.168.1.70:49127', '192.168.1.74:20000']","[0, 2, 0, 0, 0, 0, 0, 0, 0, 0, 0, 0, 0, 0, 0, 0, 2, 0]",0,[],0,0
10687,6,13.5,"['192.168.1.70:49127', '192.168.1.74:20000']","['192.168.1.70:49127', '192.168.1.74:20000']","[0, 3, 0, 0, 0, 0, 0, 0, 0, 0, 0, 0, 0, 0, 0, 0, 3, 0]",0,[],0,0
10688,4,13.5,"['192.168.1.70:49127', '192.168.1.74:20000']","['192.168.1.70:49127', '192.168.1.74:20000']","[0, 2, 0, 0, 0, 0, 0, 0, 0, 0, 0, 0, 0, 0, 0, 0, 2, 0]",0,[],0,0
10689,4,13.5,"['192.168.1.70:49127', '192.168.1.74:20000']","['192.168.1.70:49127', '192.168.1.74:20000']","[0, 2, 0, 0, 0, 0, 0, 0, 0, 0, 0, 0, 0, 0, 0, 0, 2, 0]",0,[],0,0
10690,6,13.5,"['192.168.1.70:49127', '192.168.1.74:20000']","['192.168.1.70:49127', '192.168.1.74:20000']","[0, 3, 0, 0, 0, 0, 0, 0, 0, 0, 0, 0, 0, 0, 0, 0, 3, 0]",0,[],0,0
10691,4,13.5,"['192.168.1.70:49127', '192.168.1.74:20000']","['192.168.1.70:49127', '192.168.1.74:20000']","[0, 2, 0, 0, 0, 0, 0, 0, 0, 0, 0, 0, 0, 0, 0, 0, 2, 0]",0,[],0,0
10692,4,13.5,"['192.168.1.70:49127', '192.168.1.74:20000']","['192.168.1.70:49127', '192.168.1.74:20000']","[0, 2, 0, 0, 0, 0, 0, 0, 0, 0, 0, 0, 0, 0, 0, 0, 2, 0]",0,[],0,0
10693,6,13.5,"['192.168.1.70:49127', '192.168.1.74:20000']","['192.168.1.70:49127', '192.168.1.74:20000']","[0, 3, 0, 0, 0, 0, 0, 0, 0, 0, 0, 0, 0, 0, 0, 0, 3, 0]",0,[],0,0
10694,6,34.33,"['192.168.1.70:49127', '192.168.1.74:20000']","['192.168.1.70:49127', '192.168.1.74:20000']","[0, 3, 0, 0, 0, 0, 0, 0, 0, 0, 0, 0, 0, 0, 0, 0, 3, 0]",0,[],0,0
10695,4,13.5,"['192.168.1.70:49127', '192.168.1.74:20000']","['192.168.1.70:49127', '192.168.1.74:20000']","[0, 2, 0, 0, 0, 0, 0, 0, 0, 0, 0, 0, 0, 0, 0, 0, 2, 0]",0,[],0,0
10696,6,13.5,"['192.168.1.70:49127', '192.168.1.74:20000']","['192.168.1.70:49127', '192.168.1.74:20000']","[0, 3, 0, 0, 0, 0, 0, 0, 0, 0, 0, 0, 0, 0, 0, 0, 3, 0]",0,[],0,0
10697,4,13.5,"['192.168.1.70:49127', '192.168.1.74:20000']","['192.168.1.70:49127', '192.168.1.74:20000']","[0, 2, 0, 0, 0, 0, 0, 0, 0, 0, 0, 0, 0, 0, 0, 0, 2, 0]",0,[],0,0
10698,4,13.5,"['192.168.1.70:49127', '192.168.1.74:20000']","['192.168.1.70:49127', '192.168.1.74:20000']","[0, 2, 0, 0, 0, 0, 0, 0, 0, 0, 0, 0, 0, 0, 0, 0, 2, 0]",0,[],0,0
10699,6,13.5,"['192.168.1.70:49127', '192.168.1.74:20000']","['192.168.1.70:49127', '192.168.1.74:20000']","[0, 3, 0, 0, 0, 0, 0, 0, 0, 0, 0, 0, 0, 0, 0, 0, 3, 0]",0,[],0,0
10700,4,13.5,"['192.168.1.70:49127', '192.168.1.74:20000']","['192.168.1.70:49127', '192.168.1.74:20000']","[0, 2, 0, 0, 0, 0, 0, 0, 0, 0, 0, 0, 0, 0, 0, 0, 2, 0]",0,[],0,0
10701,4,13.5,"['192.168.1.70:49127', '192.168.1.74:20000']","['192.168.1.70:49127', '192.168.1.74:20000']","[0, 2, 0, 0, 0, 0, 0, 0, 0, 0, 0, 0, 0, 0, 0, 0, 2, 0]",0,[],0,0
10702,6,13.5,"['192.168.1.70:49127', '192.168.1.74:20000']","['192.168.1.70:49127', '192.168.1.74:20000']","[0, 3, 0, 0, 0, 0, 0, 0, 0, 0, 0, 0, 0, 0, 0, 0, 3, 0]",0,[],0,0
10703,4,13.5,"['192.168.1.70:49127', '192.168.1.74:20000']","['192.168.1.70:49127', '192.168.1.74:20000']","[0, 2, 0, 0, 0, 0, 0, 0, 0, 0, 0, 0, 0, 0, 0, 0, 2, 0]",0,[],0,0
10704,4,13.5,"['192.168.1.70:49127', '192.168.1.74:20000']","['192.168.1.70:49127', '192.168.1.74:20000']","[0, 2, 0, 0, 0, 0, 0, 0, 0, 0, 0, 0, 0, 0, 0, 0, 2, 0]",0,[],0,0
10705,6,13.5,"['192.168.1.70:49127', '192.168.1.74:20000']","['192.168.1.70:49127', '192.168.1.74:20000']","[0, 3, 0, 0, 0, 0, 0, 0, 0, 0, 0, 0, 0, 0, 0, 0, 3, 0]",0,[],0,0
10706,6,34.33,"['192.168.1.70:49127', '192.168.1.74:20000']","['192.168.1.70:49127', '192.168.1.74:20000']","[0, 3, 0, 0, 0, 0, 0, 0, 0, 0, 0, 0, 0, 0, 0, 0, 3, 0]",0,[],0,0
10707,4,13.5,"['192.168.1.70:49127', '192.168.1.74:20000']","['192.168.1.70:49127', '192.168.1.74:20000']","[0, 2, 0, 0, 0, 0, 0, 0, 0, 0, 0, 0, 0, 0, 0, 0, 2, 0]",0,[],0,0
10708,6,13.5,"['192.168.1.70:49127', '192.168.1.74:20000']","['192.168.1.70:49127', '192.168.1.74:20000']","[0, 3, 0, 0, 0, 0, 0, 0, 0, 0, 0, 0, 0, 0, 0, 0, 3, 0]",0,[],0,0
10709,4,13.5,"['192.168.1.70:49127', '192.168.1.74:20000']","['192.168.1.70:49127', '192.168.1.74:20000']","[0, 2, 0, 0, 0, 0, 0, 0, 0, 0, 0, 0, 0, 0, 0, 0, 2, 0]",0,[],0,0
10710,4,13.5,"['192.168.1.70:49127', '192.168.1.74:20000']","['192.168.1.70:49127', '192.168.1.74:20000']","[0, 2, 0, 0, 0, 0, 0, 0, 0, 0, 0, 0, 0, 0, 0, 0, 2, 0]",0,[],0,0
10711,6,13.5,"['192.168.1.70:49127', '192.168.1.74:20000']","['192.168.1.70:49127', '192.168.1.74:20000']","[0, 3, 0, 0, 0, 0, 0, 0, 0, 0, 0, 0, 0, 0, 0, 0, 3, 0]",0,[],0,0
10712,4,13.5,"['192.168.1.70:49127', '192.168.1.74:20000']","['192.168.1.70:49127', '192.168.1.74:20000']","[0, 2, 0, 0, 0, 0, 0, 0, 0, 0, 0, 0, 0, 0, 0, 0, 2, 0]",0,[],0,0
10713,4,13.5,"['192.168.1.70:49127', '192.168.1.74:20000']","['192.168.1.70:49127', '192.168.1.74:20000']","[0, 2, 0, 0, 0, 0, 0, 0, 0, 0, 0, 0, 0, 0, 0, 0, 2, 0]",0,[],0,0
10714,6,13.5,"['192.168.1.70:49127', '192.168.1.74:20000']","['192.168.1.70:49127', '192.168.1.74:20000']","[0, 3, 0, 0, 0, 0, 0, 0, 0, 0, 0, 0, 0, 0, 0, 0, 3, 0]",0,[],0,0
10715,4,13.5,"['192.168.1.70:49127', '192.168.1.74:20000']","['192.168.1.70:49127', '192.168.1.74:20000']","[0, 2, 0, 0, 0, 0, 0, 0, 0, 0, 0, 0, 0, 0, 0, 0, 2, 0]",0,[],0,0
10716,4,13.5,"['192.168.1.70:49127', '192.168.1.74:20000']","['192.168.1.70:49127', '192.168.1.74:20000']","[0, 2, 0, 0, 0, 0, 0, 0, 0, 0, 0, 0, 0, 0, 0, 0, 2, 0]",0,[],0,0
10717,6,13.5,"['192.168.1.70:49127', '192.168.1.74:20000']","['192.168.1.70:49127', '192.168.1.74:20000']","[0, 3, 0, 0, 0, 0, 0, 0, 0, 0, 0, 0, 0, 0, 0, 0, 3, 0]",0,[],0,0
10718,4,13.5,"['192.168.1.70:49127', '192.168.1.74:20000']","['192.168.1.70:49127', '192.168.1.74:20000']","[0, 2, 0, 0, 0, 0, 0, 0, 0, 0, 0, 0, 0, 0, 0, 0, 2, 0]",0,[],0,0
10719,6,34.33,"['192.168.1.70:49127', '192.168.1.74:20000']","['192.168.1.70:49127', '192.168.1.74:20000']","[0, 3, 0, 0, 0, 0, 0, 0, 0, 0, 0, 0, 0, 0, 0, 0, 3, 0]",0,[],0,0
10720,6,13.5,"['192.168.1.70:49127', '192.168.1.74:20000']","['192.168.1.70:49127', '192.168.1.74:20000']","[0, 3, 0, 0, 0, 0, 0, 0, 0, 0, 0, 0, 0, 0, 0, 0, 3, 0]",0,[],0,0
10721,4,13.5,"['192.168.1.70:49127', '192.168.1.74:20000']","['192.168.1.70:49127', '192.168.1.74:20000']","[0, 2, 0, 0, 0, 0, 0, 0, 0, 0, 0, 0, 0, 0, 0, 0, 2, 0]",0,[],0,0
10722,4,13.5,"['192.168.1.70:49127', '192.168.1.74:20000']","['192.168.1.70:49127', '192.168.1.74:20000']","[0, 2, 0, 0, 0, 0, 0, 0, 0, 0, 0, 0, 0, 0, 0, 0, 2, 0]",0,[],0,0
10723,6,13.5,"['192.168.1.70:49127', '192.168.1.74:20000']","['192.168.1.70:49127', '192.168.1.74:20000']","[0, 3, 0, 0, 0, 0, 0, 0, 0, 0, 0, 0, 0, 0, 0, 0, 3, 0]",0,[],0,0
10724,4,13.5,"['192.168.1.70:49127', '192.168.1.74:20000']","['192.168.1.70:49127', '192.168.1.74:20000']","[0, 2, 0, 0, 0, 0, 0, 0, 0, 0, 0, 0, 0, 0, 0, 0, 2, 0]",0,[],0,0
10725,4,13.5,"['192.168.1.70:49127', '192.168.1.74:20000']","['192.168.1.70:49127', '192.168.1.74:20000']","[0, 2, 0, 0, 0, 0, 0, 0, 0, 0, 0, 0, 0, 0, 0, 0, 2, 0]",0,[],0,0
10726,4,13.5,"['192.168.1.70:49127', '192.168.1.74:20000']","['192.168.1.70:49127', '192.168.1.74:20000']","[0, 2, 0, 0, 0, 0, 0, 0, 0, 0, 0, 0, 0, 0, 0, 0, 2, 0]",0,[],0,0
10727,6,13.5,"['192.168.1.70:49127', '192.168.1.74:20000']","['192.168.1.70:49127', '192.168.1.74:20000']","[0, 3, 0, 0, 0, 0, 0, 0, 0, 0, 0, 0, 0, 0, 0, 0, 3, 0]",0,[],0,0
10728,4,13.5,"['192.168.1.70:49127', '192.168.1.74:20000']","['192.168.1.70:49127', '192.168.1.74:20000']","[0, 2, 0, 0, 0, 0, 0, 0, 0, 0, 0, 0, 0, 0, 0, 0, 2, 0]",0,[],0,0
10729,4,13.5,"['192.168.1.70:49127', '192.168.1.74:20000']","['192.168.1.70:49127', '192.168.1.74:20000']","[0, 2, 0, 0, 0, 0, 0, 0, 0, 0, 0, 0, 0, 0, 0, 0, 2, 0]",0,[],0,0
10730,6,13.5,"['192.168.1.70:49127', '192.168.1.74:20000']","['192.168.1.70:49127', '192.168.1.74:20000']","[0, 3, 0, 0, 0, 0, 0, 0, 0, 0, 0, 0, 0, 0, 0, 0, 3, 0]",0,[],0,0
10731,4,13.5,"['192.168.1.70:49127', '192.168.1.74:20000']","['192.168.1.70:49127', '192.168.1.74:20000']","[0, 2, 0, 0, 0, 0, 0, 0, 0, 0, 0, 0, 0, 0, 0, 0, 2, 0]",0,[],0,0
10732,6,34.33,"['192.168.1.70:49127', '192.168.1.74:20000']","['192.168.1.70:49127', '192.168.1.74:20000']","[0, 3, 0, 0, 0, 0, 0, 0, 0, 0, 0, 0, 0, 0, 0, 0, 3, 0]",0,[],0,0
10733,6,13.5,"['192.168.1.70:49127', '192.168.1.74:20000']","['192.168.1.70:49127', '192.168.1.74:20000']","[0, 3, 0, 0, 0, 0, 0, 0, 0, 0, 0, 0, 0, 0, 0, 0, 3, 0]",0,[],0,0
10734,4,13.5,"['192.168.1.70:49127', '192.168.1.74:20000']","['192.168.1.70:49127', '192.168.1.74:20000']","[0, 2, 0, 0, 0, 0, 0, 0, 0, 0, 0, 0, 0, 0, 0, 0, 2, 0]",0,[],0,0
10735,4,13.5,"['192.168.1.70:49127', '192.168.1.74:20000']","['192.168.1.70:49127', '192.168.1.74:20000']","[0, 2, 0, 0, 0, 0, 0, 0, 0, 0, 0, 0, 0, 0, 0, 0, 2, 0]",0,[],0,0
10736,6,13.5,"['192.168.1.70:49127', '192.168.1.74:20000']","['192.168.1.70:49127', '192.168.1.74:20000']","[0, 3, 0, 0, 0, 0, 0, 0, 0, 0, 0, 0, 0, 0, 0, 0, 3, 0]",0,[],0,0
10737,4,13.5,"['192.168.1.70:49127', '192.168.1.74:20000']","['192.168.1.70:49127', '192.168.1.74:20000']","[0, 2, 0, 0, 0, 0, 0, 0, 0, 0, 0, 0, 0, 0, 0, 0, 2, 0]",0,[],0,0
10738,4,13.5,"['192.168.1.70:49127', '192.168.1.74:20000']","['192.168.1.70:49127', '192.168.1.74:20000']","[0, 2, 0, 0, 0, 0, 0, 0, 0, 0, 0, 0, 0, 0, 0, 0, 2, 0]",0,[],0,0
10739,6,13.5,"['192.168.1.70:49127', '192.168.1.74:20000']","['192.168.1.70:49127', '192.168.1.74:20000']","[0, 3, 0, 0, 0, 0, 0, 0, 0, 0, 0, 0, 0, 0, 0, 0, 3, 0]",0,[],0,0
10740,4,13.5,"['192.168.1.70:49127', '192.168.1.74:20000']","['192.168.1.70:49127', '192.168.1.74:20000']","[0, 2, 0, 0, 0, 0, 0, 0, 0, 0, 0, 0, 0, 0, 0, 0, 2, 0]",0,[],0,0
10741,4,13.5,"['192.168.1.70:49127', '192.168.1.74:20000']","['192.168.1.70:49127', '192.168.1.74:20000']","[0, 2, 0, 0, 0, 0, 0, 0, 0, 0, 0, 0, 0, 0, 0, 0, 2, 0]",0,[],0,0
10742,6,13.5,"['192.168.1.70:49127', '192.168.1.74:20000']","['192.168.1.70:49127', '192.168.1.74:20000']","[0, 3, 0, 0, 0, 0, 0, 0, 0, 0, 0, 0, 0, 0, 0, 0, 3, 0]",0,[],0,0
10743,4,13.5,"['192.168.1.70:49127', '192.168.1.74:20000']","['192.168.1.70:49127', '192.168.1.74:20000']","[0, 2, 0, 0, 0, 0, 0, 0, 0, 0, 0, 0, 0, 0, 0, 0, 2, 0]",0,[],0,0
10744,4,13.5,"['192.168.1.70:49127', '192.168.1.74:20000']","['192.168.1.70:49127', '192.168.1.74:20000']","[0, 2, 0, 0, 0, 0, 0, 0, 0, 0, 0, 0, 0, 0, 0, 0, 2, 0]",0,[],0,0
10745,8,29.12,"['192.168.1.70:49127', '192.168.1.74:20000']","['192.168.1.70:49127', '192.168.1.74:20000']","[0, 4, 0, 0, 0, 0, 0, 0, 0, 0, 0, 0, 0, 0, 0, 0, 4, 0]",0,[],0,0
10746,4,13.5,"['192.168.1.70:49127', '192.168.1.74:20000']","['192.168.1.70:49127', '192.168.1.74:20000']","[0, 2, 0, 0, 0, 0, 0, 0, 0, 0, 0, 0, 0, 0, 0, 0, 2, 0]",0,[],0,0
10747,4,13.5,"['192.168.1.70:49127', '192.168.1.74:20000']","['192.168.1.70:49127', '192.168.1.74:20000']","[0, 2, 0, 0, 0, 0, 0, 0, 0, 0, 0, 0, 0, 0, 0, 0, 2, 0]",0,[],0,0
10748,6,13.5,"['192.168.1.70:49127', '192.168.1.74:20000']","['192.168.1.70:49127', '192.168.1.74:20000']","[0, 3, 0, 0, 0, 0, 0, 0, 0, 0, 0, 0, 0, 0, 0, 0, 3, 0]",0,[],0,0
10749,4,13.5,"['192.168.1.70:49127', '192.168.1.74:20000']","['192.168.1.70:49127', '192.168.1.74:20000']","[0, 2, 0, 0, 0, 0, 0, 0, 0, 0, 0, 0, 0, 0, 0, 0, 2, 0]",0,[],0,0
10750,4,13.5,"['192.168.1.70:49127', '192.168.1.74:20000']","['192.168.1.70:49127', '192.168.1.74:20000']","[0, 2, 0, 0, 0, 0, 0, 0, 0, 0, 0, 0, 0, 0, 0, 0, 2, 0]",0,[],0,0
10751,6,13.5,"['192.168.1.70:49127', '192.168.1.74:20000']","['192.168.1.70:49127', '192.168.1.74:20000']","[0, 3, 0, 0, 0, 0, 0, 0, 0, 0, 0, 0, 0, 0, 0, 0, 3, 0]",0,[],0,0
10752,4,13.5,"['192.168.1.70:49127', '192.168.1.74:20000']","['192.168.1.70:49127', '192.168.1.74:20000']","[0, 2, 0, 0, 0, 0, 0, 0, 0, 0, 0, 0, 0, 0, 0, 0, 2, 0]",0,[],0,0
10753,4,13.5,"['192.168.1.70:49127', '192.168.1.74:20000']","['192.168.1.70:49127', '192.168.1.74:20000']","[0, 2, 0, 0, 0, 0, 0, 0, 0, 0, 0, 0, 0, 0, 0, 0, 2, 0]",0,[],0,0
10754,6,13.5,"['192.168.1.70:49127', '192.168.1.74:20000']","['192.168.1.70:49127', '192.168.1.74:20000']","[0, 3, 0, 0, 0, 0, 0, 0, 0, 0, 0, 0, 0, 0, 0, 0, 3, 0]",0,[],0,0
10755,4,13.5,"['192.168.1.70:49127', '192.168.1.74:20000']","['192.168.1.70:49127', '192.168.1.74:20000']","[0, 2, 0, 0, 0, 0, 0, 0, 0, 0, 0, 0, 0, 0, 0, 0, 2, 0]",0,[],0,0
10756,4,13.5,"['192.168.1.70:49127', '192.168.1.74:20000']","['192.168.1.70:49127', '192.168.1.74:20000']","[0, 2, 0, 0, 0, 0, 0, 0, 0, 0, 0, 0, 0, 0, 0, 0, 2, 0]",0,[],0,0
10757,6,13.5,"['192.168.1.70:49127', '192.168.1.74:20000']","['192.168.1.70:49127', '192.168.1.74:20000']","[0, 3, 0, 0, 0, 0, 0, 0, 0, 0, 0, 0, 0, 0, 0, 0, 3, 0]",0,[],0,0
10758,6,34.33,"['192.168.1.70:49127', '192.168.1.74:20000']","['192.168.1.70:49127', '192.168.1.74:20000']","[0, 3, 0, 0, 0, 0, 0, 0, 0, 0, 0, 0, 0, 0, 0, 0, 3, 0]",0,[],0,0
10759,4,13.5,"['192.168.1.70:49127', '192.168.1.74:20000']","['192.168.1.70:49127', '192.168.1.74:20000']","[0, 2, 0, 0, 0, 0, 0, 0, 0, 0, 0, 0, 0, 0, 0, 0, 2, 0]",0,[],0,0
10760,6,13.5,"['192.168.1.70:49127', '192.168.1.74:20000']","['192.168.1.70:49127', '192.168.1.74:20000']","[0, 3, 0, 0, 0, 0, 0, 0, 0, 0, 0, 0, 0, 0, 0, 0, 3, 0]",0,[],0,0
10761,4,13.5,"['192.168.1.70:49127', '192.168.1.74:20000']","['192.168.1.70:49127', '192.168.1.74:20000']","[0, 2, 0, 0, 0, 0, 0, 0, 0, 0, 0, 0, 0, 0, 0, 0, 2, 0]",0,[],0,0
10762,4,13.5,"['192.168.1.70:49127', '192.168.1.74:20000']","['192.168.1.70:49127', '192.168.1.74:20000']","[0, 2, 0, 0, 0, 0, 0, 0, 0, 0, 0, 0, 0, 0, 0, 0, 2, 0]",0,[],0,0
10763,6,13.5,"['192.168.1.70:49127', '192.168.1.74:20000']","['192.168.1.70:49127', '192.168.1.74:20000']","[0, 3, 0, 0, 0, 0, 0, 0, 0, 0, 0, 0, 0, 0, 0, 0, 3, 0]",0,[],0,0
10764,4,13.5,"['192.168.1.70:49127', '192.168.1.74:20000']","['192.168.1.70:49127', '192.168.1.74:20000']","[0, 2, 0, 0, 0, 0, 0, 0, 0, 0, 0, 0, 0, 0, 0, 0, 2, 0]",0,[],0,0
10765,4,13.5,"['192.168.1.70:49127', '192.168.1.74:20000']","['192.168.1.70:49127', '192.168.1.74:20000']","[0, 2, 0, 0, 0, 0, 0, 0, 0, 0, 0, 0, 0, 0, 0, 0, 2, 0]",0,[],0,0
10766,6,13.5,"['192.168.1.70:49127', '192.168.1.74:20000']","['192.168.1.70:49127', '192.168.1.74:20000']","[0, 3, 0, 0, 0, 0, 0, 0, 0, 0, 0, 0, 0, 0, 0, 0, 3, 0]",0,[],0,0
10767,4,13.5,"['192.168.1.70:49127', '192.168.1.74:20000']","['192.168.1.70:49127', '192.168.1.74:20000']","[0, 2, 0, 0, 0, 0, 0, 0, 0, 0, 0, 0, 0, 0, 0, 0, 2, 0]",0,[],0,0
10768,4,13.5,"['192.168.1.70:49127', '192.168.1.74:20000']","['192.168.1.70:49127', '192.168.1.74:20000']","[0, 2, 0, 0, 0, 0, 0, 0, 0, 0, 0, 0, 0, 0, 0, 0, 2, 0]",0,[],0,0
10769,6,13.5,"['192.168.1.70:49127', '192.168.1.74:20000']","['192.168.1.70:49127', '192.168.1.74:20000']","[0, 3, 0, 0, 0, 0, 0, 0, 0, 0, 0, 0, 0, 0, 0, 0, 3, 0]",0,[],0,0
10770,4,13.5,"['192.168.1.70:49127', '192.168.1.74:20000']","['192.168.1.70:49127', '192.168.1.74:20000']","[0, 2, 0, 0, 0, 0, 0, 0, 0, 0, 0, 0, 0, 0, 0, 0, 2, 0]",0,[],0,0
10771,6,34.33,"['192.168.1.70:49127', '192.168.1.74:20000']","['192.168.1.70:49127', '192.168.1.74:20000']","[0, 3, 0, 0, 0, 0, 0, 0, 0, 0, 0, 0, 0, 0, 0, 0, 3, 0]",0,[],0,0
10772,6,13.5,"['192.168.1.70:49127', '192.168.1.74:20000']","['192.168.1.70:49127', '192.168.1.74:20000']","[0, 3, 0, 0, 0, 0, 0, 0, 0, 0, 0, 0, 0, 0, 0, 0, 3, 0]",0,[],0,0
10773,4,13.5,"['192.168.1.70:49127', '192.168.1.74:20000']","['192.168.1.70:49127', '192.168.1.74:20000']","[0, 2, 0, 0, 0, 0, 0, 0, 0, 0, 0, 0, 0, 0, 0, 0, 2, 0]",0,[],0,0
10774,4,13.5,"['192.168.1.70:49127', '192.168.1.74:20000']","['192.168.1.70:49127', '192.168.1.74:20000']","[0, 2, 0, 0, 0, 0, 0, 0, 0, 0, 0, 0, 0, 0, 0, 0, 2, 0]",0,[],0,0
10775,6,13.5,"['192.168.1.70:49127', '192.168.1.74:20000']","['192.168.1.70:49127', '192.168.1.74:20000']","[0, 3, 0, 0, 0, 0, 0, 0, 0, 0, 0, 0, 0, 0, 0, 0, 3, 0]",0,[],0,0
10776,4,13.5,"['192.168.1.70:49127', '192.168.1.74:20000']","['192.168.1.70:49127', '192.168.1.74:20000']","[0, 2, 0, 0, 0, 0, 0, 0, 0, 0, 0, 0, 0, 0, 0, 0, 2, 0]",0,[],0,0
10777,4,13.5,"['192.168.1.70:49127', '192.168.1.74:20000']","['192.168.1.70:49127', '192.168.1.74:20000']","[0, 2, 0, 0, 0, 0, 0, 0, 0, 0, 0, 0, 0, 0, 0, 0, 2, 0]",0,[],0,0
10778,6,13.5,"['192.168.1.70:49127', '192.168.1.74:20000']","['192.168.1.70:49127', '192.168.1.74:20000']","[0, 3, 0, 0, 0, 0, 0, 0, 0, 0, 0, 0, 0, 0, 0, 0, 3, 0]",0,[],0,0
10779,4,13.5,"['192.168.1.70:49127', '192.168.1.74:20000']","['192.168.1.70:49127', '192.168.1.74:20000']","[0, 2, 0, 0, 0, 0, 0, 0, 0, 0, 0, 0, 0, 0, 0, 0, 2, 0]",0,[],0,0
10780,4,13.5,"['192.168.1.70:49127', '192.168.1.74:20000']","['192.168.1.70:49127', '192.168.1.74:20000']","[0, 2, 0, 0, 0, 0, 0, 0, 0, 0, 0, 0, 0, 0, 0, 0, 2, 0]",0,[],0,0
10781,4,13.5,"['192.168.1.70:49127', '192.168.1.74:20000']","['192.168.1.70:49127', '192.168.1.74:20000']","[0, 2, 0, 0, 0, 0, 0, 0, 0, 0, 0, 0, 0, 0, 0, 0, 2, 0]",0,[],0,0
10782,6,13.5,"['192.168.1.70:49127', '192.168.1.74:20000']","['192.168.1.70:49127', '192.168.1.74:20000']","[0, 3, 0, 0, 0, 0, 0, 0, 0, 0, 0, 0, 0, 0, 0, 0, 3, 0]",0,[],0,0
10783,6,34.33,"['192.168.1.70:49127', '192.168.1.74:20000']","['192.168.1.70:49127', '192.168.1.74:20000']","[0, 3, 0, 0, 0, 0, 0, 0, 0, 0, 0, 0, 0, 0, 0, 0, 3, 0]",0,[],0,0
10784,4,13.5,"['192.168.1.70:49127', '192.168.1.74:20000']","['192.168.1.70:49127', '192.168.1.74:20000']","[0, 2, 0, 0, 0, 0, 0, 0, 0, 0, 0, 0, 0, 0, 0, 0, 2, 0]",0,[],0,0
10785,6,13.5,"['192.168.1.70:49127', '192.168.1.74:20000']","['192.168.1.70:49127', '192.168.1.74:20000']","[0, 3, 0, 0, 0, 0, 0, 0, 0, 0, 0, 0, 0, 0, 0, 0, 3, 0]",0,[],0,0
10786,4,13.5,"['192.168.1.70:49127', '192.168.1.74:20000']","['192.168.1.70:49127', '192.168.1.74:20000']","[0, 2, 0, 0, 0, 0, 0, 0, 0, 0, 0, 0, 0, 0, 0, 0, 2, 0]",0,[],0,0
10787,4,13.5,"['192.168.1.70:49127', '192.168.1.74:20000']","['192.168.1.70:49127', '192.168.1.74:20000']","[0, 2, 0, 0, 0, 0, 0, 0, 0, 0, 0, 0, 0, 0, 0, 0, 2, 0]",0,[],0,0
10788,6,13.5,"['192.168.1.70:49127', '192.168.1.74:20000']","['192.168.1.70:49127', '192.168.1.74:20000']","[0, 3, 0, 0, 0, 0, 0, 0, 0, 0, 0, 0, 0, 0, 0, 0, 3, 0]",0,[],0,0
10789,4,13.5,"['192.168.1.70:49127', '192.168.1.74:20000']","['192.168.1.70:49127', '192.168.1.74:20000']","[0, 2, 0, 0, 0, 0, 0, 0, 0, 0, 0, 0, 0, 0, 0, 0, 2, 0]",0,[],0,0
10790,6,13.5,"['192.168.1.70:49127', '192.168.1.74:20000']","['192.168.1.70:49127', '192.168.1.74:20000']","[0, 3, 0, 0, 0, 0, 0, 0, 0, 0, 0, 0, 0, 0, 0, 0, 3, 0]",0,[],0,0
10791,4,13.5,"['192.168.1.70:49127', '192.168.1.74:20000']","['192.168.1.70:49127', '192.168.1.74:20000']","[0, 2, 0, 0, 0, 0, 0, 0, 0, 0, 0, 0, 0, 0, 0, 0, 2, 0]",0,[],0,0
10792,4,13.5,"['192.168.1.70:49127', '192.168.1.74:20000']","['192.168.1.70:49127', '192.168.1.74:20000']","[0, 2, 0, 0, 0, 0, 0, 0, 0, 0, 0, 0, 0, 0, 0, 0, 2, 0]",0,[],0,0
10793,4,13.5,"['192.168.1.70:49127', '192.168.1.74:20000']","['192.168.1.70:49127', '192.168.1.74:20000']","[0, 2, 0, 0, 0, 0, 0, 0, 0, 0, 0, 0, 0, 0, 0, 0, 2, 0]",0,[],0,0
10794,6,13.5,"['192.168.1.70:49127', '192.168.1.74:20000']","['192.168.1.70:49127', '192.168.1.74:20000']","[0, 3, 0, 0, 0, 0, 0, 0, 0, 0, 0, 0, 0, 0, 0, 0, 3, 0]",0,[],0,0
10795,4,13.5,"['192.168.1.70:49127', '192.168.1.74:20000']","['192.168.1.70:49127', '192.168.1.74:20000']","[0, 2, 0, 0, 0, 0, 0, 0, 0, 0, 0, 0, 0, 0, 0, 0, 2, 0]",0,[],0,0
10796,6,34.33,"['192.168.1.70:49127', '192.168.1.74:20000']","['192.168.1.70:49127', '192.168.1.74:20000']","[0, 3, 0, 0, 0, 0, 0, 0, 0, 0, 0, 0, 0, 0, 0, 0, 3, 0]",0,[],0,0
10797,6,13.5,"['192.168.1.70:49127', '192.168.1.74:20000']","['192.168.1.70:49127', '192.168.1.74:20000']","[0, 3, 0, 0, 0, 0, 0, 0, 0, 0, 0, 0, 0, 0, 0, 0, 3, 0]",0,[],0,0
10798,4,13.5,"['192.168.1.70:49127', '192.168.1.74:20000']","['192.168.1.70:49127', '192.168.1.74:20000']","[0, 2, 0, 0, 0, 0, 0, 0, 0, 0, 0, 0, 0, 0, 0, 0, 2, 0]",0,[],0,0
10799,4,13.5,"['192.168.1.70:49127', '192.168.1.74:20000']","['192.168.1.70:49127', '192.168.1.74:20000']","[0, 2, 0, 0, 0, 0, 0, 0, 0, 0, 0, 0, 0, 0, 0, 0, 2, 0]",0,[],0,0
10800,6,13.5,"['192.168.1.70:49127', '192.168.1.74:20000']","['192.168.1.70:49127', '192.168.1.74:20000']","[0, 3, 0, 0, 0, 0, 0, 0, 0, 0, 0, 0, 0, 0, 0, 0, 3, 0]",0,[],0,0
10801,4,13.5,"['192.168.1.70:49127', '192.168.1.74:20000']","['192.168.1.70:49127', '192.168.1.74:20000']","[0, 2, 0, 0, 0, 0, 0, 0, 0, 0, 0, 0, 0, 0, 0, 0, 2, 0]",0,[],0,0
10802,4,13.5,"['192.168.1.70:49127', '192.168.1.74:20000']","['192.168.1.70:49127', '192.168.1.74:20000']","[0, 2, 0, 0, 0, 0, 0, 0, 0, 0, 0, 0, 0, 0, 0, 0, 2, 0]",0,[],0,0
10803,6,13.5,"['192.168.1.70:49127', '192.168.1.74:20000']","['192.168.1.70:49127', '192.168.1.74:20000']","[0, 3, 0, 0, 0, 0, 0, 0, 0, 0, 0, 0, 0, 0, 0, 0, 3, 0]",0,[],0,0
10804,4,13.5,"['192.168.1.70:49127', '192.168.1.74:20000']","['192.168.1.70:49127', '192.168.1.74:20000']","[0, 2, 0, 0, 0, 0, 0, 0, 0, 0, 0, 0, 0, 0, 0, 0, 2, 0]",0,[],0,0
10805,4,13.5,"['192.168.1.70:49127', '192.168.1.74:20000']","['192.168.1.70:49127', '192.168.1.74:20000']","[0, 2, 0, 0, 0, 0, 0, 0, 0, 0, 0, 0, 0, 0, 0, 0, 2, 0]",0,[],0,0
10806,6,13.5,"['192.168.1.70:49127', '192.168.1.74:20000']","['192.168.1.70:49127', '192.168.1.74:20000']","[0, 3, 0, 0, 0, 0, 0, 0, 0, 0, 0, 0, 0, 0, 0, 0, 3, 0]",0,[],0,0
10807,4,13.5,"['192.168.1.70:49127', '192.168.1.74:20000']","['192.168.1.70:49127', '192.168.1.74:20000']","[0, 2, 0, 0, 0, 0, 0, 0, 0, 0, 0, 0, 0, 0, 0, 0, 2, 0]",0,[],0,0
10808,4,13.5,"['192.168.1.70:49127', '192.168.1.74:20000']","['192.168.1.70:49127', '192.168.1.74:20000']","[0, 2, 0, 0, 0, 0, 0, 0, 0, 0, 0, 0, 0, 0, 0, 0, 2, 0]",0,[],0,0
10809,8,29.12,"['192.168.1.70:49127', '192.168.1.74:20000']","['192.168.1.70:49127', '192.168.1.74:20000']","[0, 4, 0, 0, 0, 0, 0, 0, 0, 0, 0, 0, 0, 0, 0, 0, 4, 0]",0,[],0,0
10810,4,13.5,"['192.168.1.70:49127', '192.168.1.74:20000']","['192.168.1.70:49127', '192.168.1.74:20000']","[0, 2, 0, 0, 0, 0, 0, 0, 0, 0, 0, 0, 0, 0, 0, 0, 2, 0]",0,[],0,0
10811,6,13.5,"['192.168.1.70:49127', '192.168.1.74:20000']","['192.168.1.70:49127', '192.168.1.74:20000']","[0, 3, 0, 0, 0, 0, 0, 0, 0, 0, 0, 0, 0, 0, 0, 0, 3, 0]",0,[],0,0
10812,4,13.5,"['192.168.1.70:49127', '192.168.1.74:20000']","['192.168.1.70:49127', '192.168.1.74:20000']","[0, 2, 0, 0, 0, 0, 0, 0, 0, 0, 0, 0, 0, 0, 0, 0, 2, 0]",0,[],0,0
10813,4,13.5,"['192.168.1.70:49127', '192.168.1.74:20000']","['192.168.1.70:49127', '192.168.1.74:20000']","[0, 2, 0, 0, 0, 0, 0, 0, 0, 0, 0, 0, 0, 0, 0, 0, 2, 0]",0,[],0,0
10814,6,13.5,"['192.168.1.70:49127', '192.168.1.74:20000']","['192.168.1.70:49127', '192.168.1.74:20000']","[0, 3, 0, 0, 0, 0, 0, 0, 0, 0, 0, 0, 0, 0, 0, 0, 3, 0]",0,[],0,0
10815,4,13.5,"['192.168.1.70:49127', '192.168.1.74:20000']","['192.168.1.70:49127', '192.168.1.74:20000']","[0, 2, 0, 0, 0, 0, 0, 0, 0, 0, 0, 0, 0, 0, 0, 0, 2, 0]",0,[],0,0
10816,4,13.5,"['192.168.1.70:49127', '192.168.1.74:20000']","['192.168.1.70:49127', '192.168.1.74:20000']","[0, 2, 0, 0, 0, 0, 0, 0, 0, 0, 0, 0, 0, 0, 0, 0, 2, 0]",0,[],0,0
10817,4,13.5,"['192.168.1.70:49127', '192.168.1.74:20000']","['192.168.1.70:49127', '192.168.1.74:20000']","[0, 2, 0, 0, 0, 0, 0, 0, 0, 0, 0, 0, 0, 0, 0, 0, 2, 0]",0,[],0,0
10818,6,13.5,"['192.168.1.70:49127', '192.168.1.74:20000']","['192.168.1.70:49127', '192.168.1.74:20000']","[0, 3, 0, 0, 0, 0, 0, 0, 0, 0, 0, 0, 0, 0, 0, 0, 3, 0]",0,[],0,0
10819,4,13.5,"['192.168.1.70:49127', '192.168.1.74:20000']","['192.168.1.70:49127', '192.168.1.74:20000']","[0, 2, 0, 0, 0, 0, 0, 0, 0, 0, 0, 0, 0, 0, 0, 0, 2, 0]",0,[],0,0
10820,4,13.5,"['192.168.1.70:49127', '192.168.1.74:20000']","['192.168.1.70:49127', '192.168.1.74:20000']","[0, 2, 0, 0, 0, 0, 0, 0, 0, 0, 0, 0, 0, 0, 0, 0, 2, 0]",0,[],0,0
10821,6,13.5,"['192.168.1.70:49127', '192.168.1.74:20000']","['192.168.1.70:49127', '192.168.1.74:20000']","[0, 3, 0, 0, 0, 0, 0, 0, 0, 0, 0, 0, 0, 0, 0, 0, 3, 0]",0,[],0,0
10822,6,34.33,"['192.168.1.70:49127', '192.168.1.74:20000']","['192.168.1.70:49127', '192.168.1.74:20000']","[0, 3, 0, 0, 0, 0, 0, 0, 0, 0, 0, 0, 0, 0, 0, 0, 3, 0]",0,[],0,0
10823,4,13.5,"['192.168.1.70:49127', '192.168.1.74:20000']","['192.168.1.70:49127', '192.168.1.74:20000']","[0, 2, 0, 0, 0, 0, 0, 0, 0, 0, 0, 0, 0, 0, 0, 0, 2, 0]",0,[],0,0
10824,6,13.5,"['192.168.1.70:49127', '192.168.1.74:20000']","['192.168.1.70:49127', '192.168.1.74:20000']","[0, 3, 0, 0, 0, 0, 0, 0, 0, 0, 0, 0, 0, 0, 0, 0, 3, 0]",0,[],0,0
10825,4,13.5,"['192.168.1.70:49127', '192.168.1.74:20000']","['192.168.1.70:49127', '192.168.1.74:20000']","[0, 2, 0, 0, 0, 0, 0, 0, 0, 0, 0, 0, 0, 0, 0, 0, 2, 0]",0,[],0,0
10826,4,13.5,"['192.168.1.70:49127', '192.168.1.74:20000']","['192.168.1.70:49127', '192.168.1.74:20000']","[0, 2, 0, 0, 0, 0, 0, 0, 0, 0, 0, 0, 0, 0, 0, 0, 2, 0]",0,[],0,0
10827,6,13.5,"['192.168.1.70:49127', '192.168.1.74:20000']","['192.168.1.70:49127', '192.168.1.74:20000']","[0, 3, 0, 0, 0, 0, 0, 0, 0, 0, 0, 0, 0, 0, 0, 0, 3, 0]",0,[],0,0
10828,4,13.5,"['192.168.1.70:49127', '192.168.1.74:20000']","['192.168.1.70:49127', '192.168.1.74:20000']","[0, 2, 0, 0, 0, 0, 0, 0, 0, 0, 0, 0, 0, 0, 0, 0, 2, 0]",0,[],0,0
10829,4,13.5,"['192.168.1.70:49127', '192.168.1.74:20000']","['192.168.1.70:49127', '192.168.1.74:20000']","[0, 2, 0, 0, 0, 0, 0, 0, 0, 0, 0, 0, 0, 0, 0, 0, 2, 0]",0,[],0,0
10830,6,13.5,"['192.168.1.70:49127', '192.168.1.74:20000']","['192.168.1.70:49127', '192.168.1.74:20000']","[0, 3, 0, 0, 0, 0, 0, 0, 0, 0, 0, 0, 0, 0, 0, 0, 3, 0]",0,[],0,0
10831,4,13.5,"['192.168.1.70:49127', '192.168.1.74:20000']","['192.168.1.70:49127', '192.168.1.74:20000']","[0, 2, 0, 0, 0, 0, 0, 0, 0, 0, 0, 0, 0, 0, 0, 0, 2, 0]",0,[],0,0
10832,4,13.5,"['192.168.1.70:49127', '192.168.1.74:20000']","['192.168.1.70:49127', '192.168.1.74:20000']","[0, 2, 0, 0, 0, 0, 0, 0, 0, 0, 0, 0, 0, 0, 0, 0, 2, 0]",0,[],0,0
10833,6,13.5,"['192.168.1.70:49127', '192.168.1.74:20000']","['192.168.1.70:49127', '192.168.1.74:20000']","[0, 3, 0, 0, 0, 0, 0, 0, 0, 0, 0, 0, 0, 0, 0, 0, 3, 0]",0,[],0,0
10834,4,13.5,"['192.168.1.70:49127', '192.168.1.74:20000']","['192.168.1.70:49127', '192.168.1.74:20000']","[0, 2, 0, 0, 0, 0, 0, 0, 0, 0, 0, 0, 0, 0, 0, 0, 2, 0]",0,[],0,0
10835,6,34.33,"['192.168.1.70:49127', '192.168.1.74:20000']","['192.168.1.70:49127', '192.168.1.74:20000']","[0, 3, 0, 0, 0, 0, 0, 0, 0, 0, 0, 0, 0, 0, 0, 0, 3, 0]",0,[],0,0
10836,6,13.5,"['192.168.1.70:49127', '192.168.1.74:20000']","['192.168.1.70:49127', '192.168.1.74:20000']","[0, 3, 0, 0, 0, 0, 0, 0, 0, 0, 0, 0, 0, 0, 0, 0, 3, 0]",0,[],0,0
10837,4,13.5,"['192.168.1.70:49127', '192.168.1.74:20000']","['192.168.1.70:49127', '192.168.1.74:20000']","[0, 2, 0, 0, 0, 0, 0, 0, 0, 0, 0, 0, 0, 0, 0, 0, 2, 0]",0,[],0,0
10838,4,13.5,"['192.168.1.70:49127', '192.168.1.74:20000']","['192.168.1.70:49127', '192.168.1.74:20000']","[0, 2, 0, 0, 0, 0, 0, 0, 0, 0, 0, 0, 0, 0, 0, 0, 2, 0]",0,[],0,0
10839,6,13.5,"['192.168.1.70:49127', '192.168.1.74:20000']","['192.168.1.70:49127', '192.168.1.74:20000']","[0, 3, 0, 0, 0, 0, 0, 0, 0, 0, 0, 0, 0, 0, 0, 0, 3, 0]",0,[],0,0
10840,4,13.5,"['192.168.1.70:49127', '192.168.1.74:20000']","['192.168.1.70:49127', '192.168.1.74:20000']","[0, 2, 0, 0, 0, 0, 0, 0, 0, 0, 0, 0, 0, 0, 0, 0, 2, 0]",0,[],0,0
10841,4,13.5,"['192.168.1.70:49127', '192.168.1.74:20000']","['192.168.1.70:49127', '192.168.1.74:20000']","[0, 2, 0, 0, 0, 0, 0, 0, 0, 0, 0, 0, 0, 0, 0, 0, 2, 0]",0,[],0,0
10842,6,13.5,"['192.168.1.70:49127', '192.168.1.74:20000']","['192.168.1.70:49127', '192.168.1.74:20000']","[0, 3, 0, 0, 0, 0, 0, 0, 0, 0, 0, 0, 0, 0, 0, 0, 3, 0]",0,[],0,0
10843,4,13.5,"['192.168.1.70:49127', '192.168.1.74:20000']","['192.168.1.70:49127', '192.168.1.74:20000']","[0, 2, 0, 0, 0, 0, 0, 0, 0, 0, 0, 0, 0, 0, 0, 0, 2, 0]",0,[],0,0
10844,4,13.5,"['192.168.1.70:49127', '192.168.1.74:20000']","['192.168.1.70:49127', '192.168.1.74:20000']","[0, 2, 0, 0, 0, 0, 0, 0, 0, 0, 0, 0, 0, 0, 0, 0, 2, 0]",0,[],0,0
10845,4,13.5,"['192.168.1.70:49127', '192.168.1.74:20000']","['192.168.1.70:49127', '192.168.1.74:20000']","[0, 2, 0, 0, 0, 0, 0, 0, 0, 0, 0, 0, 0, 0, 0, 0, 2, 0]",0,[],0,0
10846,6,13.5,"['192.168.1.70:49127', '192.168.1.74:20000']","['192.168.1.70:49127', '192.168.1.74:20000']","[0, 3, 0, 0, 0, 0, 0, 0, 0, 0, 0, 0, 0, 0, 0, 0, 3, 0]",0,[],0,0
10847,6,34.33,"['192.168.1.70:49127', '192.168.1.74:20000']","['192.168.1.70:49127', '192.168.1.74:20000']","[0, 3, 0, 0, 0, 0, 0, 0, 0, 0, 0, 0, 0, 0, 0, 0, 3, 0]",0,[],0,0
10848,4,13.5,"['192.168.1.70:49127', '192.168.1.74:20000']","['192.168.1.70:49127', '192.168.1.74:20000']","[0, 2, 0, 0, 0, 0, 0, 0, 0, 0, 0, 0, 0, 0, 0, 0, 2, 0]",0,[],0,0
10849,6,13.5,"['192.168.1.70:49127', '192.168.1.74:20000']","['192.168.1.70:49127', '192.168.1.74:20000']","[0, 3, 0, 0, 0, 0, 0, 0, 0, 0, 0, 0, 0, 0, 0, 0, 3, 0]",0,[],0,0
10850,4,13.5,"['192.168.1.70:49127', '192.168.1.74:20000']","['192.168.1.70:49127', '192.168.1.74:20000']","[0, 2, 0, 0, 0, 0, 0, 0, 0, 0, 0, 0, 0, 0, 0, 0, 2, 0]",0,[],0,0
10851,4,13.5,"['192.168.1.70:49127', '192.168.1.74:20000']","['192.168.1.70:49127', '192.168.1.74:20000']","[0, 2, 0, 0, 0, 0, 0, 0, 0, 0, 0, 0, 0, 0, 0, 0, 2, 0]",0,[],0,0
10852,6,13.5,"['192.168.1.70:49127', '192.168.1.74:20000']","['192.168.1.70:49127', '192.168.1.74:20000']","[0, 3, 0, 0, 0, 0, 0, 0, 0, 0, 0, 0, 0, 0, 0, 0, 3, 0]",0,[],0,0
10853,4,13.5,"['192.168.1.70:49127', '192.168.1.74:20000']","['192.168.1.70:49127', '192.168.1.74:20000']","[0, 2, 0, 0, 0, 0, 0, 0, 0, 0, 0, 0, 0, 0, 0, 0, 2, 0]",0,[],0,0
10854,6,13.5,"['192.168.1.70:49127', '192.168.1.74:20000']","['192.168.1.70:49127', '192.168.1.74:20000']","[0, 3, 0, 0, 0, 0, 0, 0, 0, 0, 0, 0, 0, 0, 0, 0, 3, 0]",0,[],0,0
10855,4,13.5,"['192.168.1.70:49127', '192.168.1.74:20000']","['192.168.1.70:49127', '192.168.1.74:20000']","[0, 2, 0, 0, 0, 0, 0, 0, 0, 0, 0, 0, 0, 0, 0, 0, 2, 0]",0,[],0,0
10856,4,13.5,"['192.168.1.70:49127', '192.168.1.74:20000']","['192.168.1.70:49127', '192.168.1.74:20000']","[0, 2, 0, 0, 0, 0, 0, 0, 0, 0, 0, 0, 0, 0, 0, 0, 2, 0]",0,[],0,0
10857,4,13.5,"['192.168.1.70:49127', '192.168.1.74:20000']","['192.168.1.70:49127', '192.168.1.74:20000']","[0, 2, 0, 0, 0, 0, 0, 0, 0, 0, 0, 0, 0, 0, 0, 0, 2, 0]",0,[],0,0
10858,6,13.5,"['192.168.1.70:49127', '192.168.1.74:20000']","['192.168.1.70:49127', '192.168.1.74:20000']","[0, 3, 0, 0, 0, 0, 0, 0, 0, 0, 0, 0, 0, 0, 0, 0, 3, 0]",0,[],0,0
10859,4,13.5,"['192.168.1.70:49127', '192.168.1.74:20000']","['192.168.1.70:49127', '192.168.1.74:20000']","[0, 2, 0, 0, 0, 0, 0, 0, 0, 0, 0, 0, 0, 0, 0, 0, 2, 0]",0,[],0,0
10860,6,34.33,"['192.168.1.70:49127', '192.168.1.74:20000']","['192.168.1.70:49127', '192.168.1.74:20000']","[0, 3, 0, 0, 0, 0, 0, 0, 0, 0, 0, 0, 0, 0, 0, 0, 3, 0]",0,[],0,0
10861,6,13.5,"['192.168.1.70:49127', '192.168.1.74:20000']","['192.168.1.70:49127', '192.168.1.74:20000']","[0, 3, 0, 0, 0, 0, 0, 0, 0, 0, 0, 0, 0, 0, 0, 0, 3, 0]",0,[],0,0
10862,4,13.5,"['192.168.1.70:49127', '192.168.1.74:20000']","['192.168.1.70:49127', '192.168.1.74:20000']","[0, 2, 0, 0, 0, 0, 0, 0, 0, 0, 0, 0, 0, 0, 0, 0, 2, 0]",0,[],0,0
10863,4,13.5,"['192.168.1.70:49127', '192.168.1.74:20000']","['192.168.1.70:49127', '192.168.1.74:20000']","[0, 2, 0, 0, 0, 0, 0, 0, 0, 0, 0, 0, 0, 0, 0, 0, 2, 0]",0,[],0,0
10864,6,13.5,"['192.168.1.70:49127', '192.168.1.74:20000']","['192.168.1.70:49127', '192.168.1.74:20000']","[0, 3, 0, 0, 0, 0, 0, 0, 0, 0, 0, 0, 0, 0, 0, 0, 3, 0]",0,[],0,0
10865,4,13.5,"['192.168.1.70:49127', '192.168.1.74:20000']","['192.168.1.70:49127', '192.168.1.74:20000']","[0, 2, 0, 0, 0, 0, 0, 0, 0, 0, 0, 0, 0, 0, 0, 0, 2, 0]",0,[],0,0
10866,4,13.5,"['192.168.1.70:49127', '192.168.1.74:20000']","['192.168.1.70:49127', '192.168.1.74:20000']","[0, 2, 0, 0, 0, 0, 0, 0, 0, 0, 0, 0, 0, 0, 0, 0, 2, 0]",0,[],0,0
10867,6,13.5,"['192.168.1.70:49127', '192.168.1.74:20000']","['192.168.1.70:49127', '192.168.1.74:20000']","[0, 3, 0, 0, 0, 0, 0, 0, 0, 0, 0, 0, 0, 0, 0, 0, 3, 0]",0,[],0,0
10868,4,13.5,"['192.168.1.70:49127', '192.168.1.74:20000']","['192.168.1.70:49127', '192.168.1.74:20000']","[0, 2, 0, 0, 0, 0, 0, 0, 0, 0, 0, 0, 0, 0, 0, 0, 2, 0]",0,[],0,0
10869,4,13.5,"['192.168.1.70:49127', '192.168.1.74:20000']","['192.168.1.70:49127', '192.168.1.74:20000']","[0, 2, 0, 0, 0, 0, 0, 0, 0, 0, 0, 0, 0, 0, 0, 0, 2, 0]",0,[],0,0
10870,6,13.5,"['192.168.1.70:49127', '192.168.1.74:20000']","['192.168.1.70:49127', '192.168.1.74:20000']","[0, 3, 0, 0, 0, 0, 0, 0, 0, 0, 0, 0, 0, 0, 0, 0, 3, 0]",0,[],0,0
10871,4,13.5,"['192.168.1.70:49127', '192.168.1.74:20000']","['192.168.1.70:49127', '192.168.1.74:20000']","[0, 2, 0, 0, 0, 0, 0, 0, 0, 0, 0, 0, 0, 0, 0, 0, 2, 0]",0,[],0,0
10872,4,13.5,"['192.168.1.70:49127', '192.168.1.74:20000']","['192.168.1.70:49127', '192.168.1.74:20000']","[0, 2, 0, 0, 0, 0, 0, 0, 0, 0, 0, 0, 0, 0, 0, 0, 2, 0]",0,[],0,0
10873,8,29.12,"['192.168.1.70:49127', '192.168.1.74:20000']","['192.168.1.70:49127', '192.168.1.74:20000']","[0, 4, 0, 0, 0, 0, 0, 0, 0, 0, 0, 0, 0, 0, 0, 0, 4, 0]",0,[],0,0
10874,4,13.5,"['192.168.1.70:49127', '192.168.1.74:20000']","['192.168.1.70:49127', '192.168.1.74:20000']","[0, 2, 0, 0, 0, 0, 0, 0, 0, 0, 0, 0, 0, 0, 0, 0, 2, 0]",0,[],0,0
10875,6,13.5,"['192.168.1.70:49127', '192.168.1.74:20000']","['192.168.1.70:49127', '192.168.1.74:20000']","[0, 3, 0, 0, 0, 0, 0, 0, 0, 0, 0, 0, 0, 0, 0, 0, 3, 0]",0,[],0,0
10876,4,13.5,"['192.168.1.70:49127', '192.168.1.74:20000']","['192.168.1.70:49127', '192.168.1.74:20000']","[0, 2, 0, 0, 0, 0, 0, 0, 0, 0, 0, 0, 0, 0, 0, 0, 2, 0]",0,[],0,0
10877,4,13.5,"['192.168.1.70:49127', '192.168.1.74:20000']","['192.168.1.70:49127', '192.168.1.74:20000']","[0, 2, 0, 0, 0, 0, 0, 0, 0, 0, 0, 0, 0, 0, 0, 0, 2, 0]",0,[],0,0
10878,6,13.5,"['192.168.1.70:49127', '192.168.1.74:20000']","['192.168.1.70:49127', '192.168.1.74:20000']","[0, 3, 0, 0, 0, 0, 0, 0, 0, 0, 0, 0, 0, 0, 0, 0, 3, 0]",0,[],0,0
10879,4,13.5,"['192.168.1.70:49127', '192.168.1.74:20000']","['192.168.1.70:49127', '192.168.1.74:20000']","[0, 2, 0, 0, 0, 0, 0, 0, 0, 0, 0, 0, 0, 0, 0, 0, 2, 0]",0,[],0,0
10880,4,13.5,"['192.168.1.70:49127', '192.168.1.74:20000']","['192.168.1.70:49127', '192.168.1.74:20000']","[0, 2, 0, 0, 0, 0, 0, 0, 0, 0, 0, 0, 0, 0, 0, 0, 2, 0]",0,[],0,0
10881,4,13.5,"['192.168.1.70:49127', '192.168.1.74:20000']","['192.168.1.70:49127', '192.168.1.74:20000']","[0, 2, 0, 0, 0, 0, 0, 0, 0, 0, 0, 0, 0, 0, 0, 0, 2, 0]",0,[],0,0
10882,6,13.5,"['192.168.1.70:49127', '192.168.1.74:20000']","['192.168.1.70:49127', '192.168.1.74:20000']","[0, 3, 0, 0, 0, 0, 0, 0, 0, 0, 0, 0, 0, 0, 0, 0, 3, 0]",0,[],0,0
10883,4,13.5,"['192.168.1.70:49127', '192.168.1.74:20000']","['192.168.1.70:49127', '192.168.1.74:20000']","[0, 2, 0, 0, 0, 0, 0, 0, 0, 0, 0, 0, 0, 0, 0, 0, 2, 0]",0,[],0,0
10884,4,13.5,"['192.168.1.70:49127', '192.168.1.74:20000']","['192.168.1.70:49127', '192.168.1.74:20000']","[0, 2, 0, 0, 0, 0, 0, 0, 0, 0, 0, 0, 0, 0, 0, 0, 2, 0]",0,[],0,0
10885,6,13.5,"['192.168.1.70:49127', '192.168.1.74:20000']","['192.168.1.70:49127', '192.168.1.74:20000']","[0, 3, 0, 0, 0, 0, 0, 0, 0, 0, 0, 0, 0, 0, 0, 0, 3, 0]",0,[],0,0
10886,6,34.33,"['192.168.1.70:49127', '192.168.1.74:20000']","['192.168.1.70:49127', '192.168.1.74:20000']","[0, 3, 0, 0, 0, 0, 0, 0, 0, 0, 0, 0, 0, 0, 0, 0, 3, 0]",0,[],0,0
10887,4,13.5,"['192.168.1.70:49127', '192.168.1.74:20000']","['192.168.1.70:49127', '192.168.1.74:20000']","[0, 2, 0, 0, 0, 0, 0, 0, 0, 0, 0, 0, 0, 0, 0, 0, 2, 0]",0,[],0,0
10888,6,13.5,"['192.168.1.70:49127', '192.168.1.74:20000']","['192.168.1.70:49127', '192.168.1.74:20000']","[0, 3, 0, 0, 0, 0, 0, 0, 0, 0, 0, 0, 0, 0, 0, 0, 3, 0]",0,[],0,0
10889,4,13.5,"['192.168.1.70:49127', '192.168.1.74:20000']","['192.168.1.70:49127', '192.168.1.74:20000']","[0, 2, 0, 0, 0, 0, 0, 0, 0, 0, 0, 0, 0, 0, 0, 0, 2, 0]",0,[],0,0
10890,4,13.5,"['192.168.1.70:49127', '192.168.1.74:20000']","['192.168.1.70:49127', '192.168.1.74:20000']","[0, 2, 0, 0, 0, 0, 0, 0, 0, 0, 0, 0, 0, 0, 0, 0, 2, 0]",0,[],0,0
10891,6,13.5,"['192.168.1.70:49127', '192.168.1.74:20000']","['192.168.1.70:49127', '192.168.1.74:20000']","[0, 3, 0, 0, 0, 0, 0, 0, 0, 0, 0, 0, 0, 0, 0, 0, 3, 0]",0,[],0,0
10892,4,13.5,"['192.168.1.70:49127', '192.168.1.74:20000']","['192.168.1.70:49127', '192.168.1.74:20000']","[0, 2, 0, 0, 0, 0, 0, 0, 0, 0, 0, 0, 0, 0, 0, 0, 2, 0]",0,[],0,0
10893,4,13.5,"['192.168.1.70:49127', '192.168.1.74:20000']","['192.168.1.70:49127', '192.168.1.74:20000']","[0, 2, 0, 0, 0, 0, 0, 0, 0, 0, 0, 0, 0, 0, 0, 0, 2, 0]",0,[],0,0
10894,6,13.5,"['192.168.1.70:49127', '192.168.1.74:20000']","['192.168.1.70:49127', '192.168.1.74:20000']","[0, 3, 0, 0, 0, 0, 0, 0, 0, 0, 0, 0, 0, 0, 0, 0, 3, 0]",0,[],0,0
10895,4,13.5,"['192.168.1.70:49127', '192.168.1.74:20000']","['192.168.1.70:49127', '192.168.1.74:20000']","[0, 2, 0, 0, 0, 0, 0, 0, 0, 0, 0, 0, 0, 0, 0, 0, 2, 0]",0,[],0,0
10896,4,13.5,"['192.168.1.70:49127', '192.168.1.74:20000']","['192.168.1.70:49127', '192.168.1.74:20000']","[0, 2, 0, 0, 0, 0, 0, 0, 0, 0, 0, 0, 0, 0, 0, 0, 2, 0]",0,[],0,0
10897,6,13.5,"['192.168.1.70:49127', '192.168.1.74:20000']","['192.168.1.70:49127', '192.168.1.74:20000']","[0, 3, 0, 0, 0, 0, 0, 0, 0, 0, 0, 0, 0, 0, 0, 0, 3, 0]",0,[],0,0
10898,4,13.5,"['192.168.1.70:49127', '192.168.1.74:20000']","['192.168.1.70:49127', '192.168.1.74:20000']","[0, 2, 0, 0, 0, 0, 0, 0, 0, 0, 0, 0, 0, 0, 0, 0, 2, 0]",0,[],0,0
10899,6,34.33,"['192.168.1.70:49127', '192.168.1.74:20000']","['192.168.1.70:49127', '192.168.1.74:20000']","[0, 3, 0, 0, 0, 0, 0, 0, 0, 0, 0, 0, 0, 0, 0, 0, 3, 0]",0,[],0,0
10900,6,13.5,"['192.168.1.70:49127', '192.168.1.74:20000']","['192.168.1.70:49127', '192.168.1.74:20000']","[0, 3, 0, 0, 0, 0, 0, 0, 0, 0, 0, 0, 0, 0, 0, 0, 3, 0]",0,[],0,0
10901,4,13.5,"['192.168.1.70:49127', '192.168.1.74:20000']","['192.168.1.70:49127', '192.168.1.74:20000']","[0, 2, 0, 0, 0, 0, 0, 0, 0, 0, 0, 0, 0, 0, 0, 0, 2, 0]",0,[],0,0
10902,4,13.5,"['192.168.1.70:49127', '192.168.1.74:20000']","['192.168.1.70:49127', '192.168.1.74:20000']","[0, 2, 0, 0, 0, 0, 0, 0, 0, 0, 0, 0, 0, 0, 0, 0, 2, 0]",0,[],0,0
10903,6,13.5,"['192.168.1.70:49127', '192.168.1.74:20000']","['192.168.1.70:49127', '192.168.1.74:20000']","[0, 3, 0, 0, 0, 0, 0, 0, 0, 0, 0, 0, 0, 0, 0, 0, 3, 0]",0,[],0,0
10904,2,13.5,"['192.168.1.70:49127', '192.168.1.74:20000']","['192.168.1.70:49127', '192.168.1.74:20000']","[0, 1, 0, 0, 0, 0, 0, 0, 0, 0, 0, 0, 0, 0, 0, 0, 1, 0]",0,[],0,0
10905,4,13.5,"['192.168.1.70:49127', '192.168.1.74:20000']","['192.168.1.70:49127', '192.168.1.74:20000']","[0, 2, 0, 0, 0, 0, 0, 0, 0, 0, 0, 0, 0, 0, 0, 0, 2, 0]",0,[],0,0
10906,6,13.5,"['192.168.1.70:49127', '192.168.1.74:20000']","['192.168.1.70:49127', '192.168.1.74:20000']","[0, 3, 0, 0, 0, 0, 0, 0, 0, 0, 0, 0, 0, 0, 0, 0, 3, 0]",0,[],0,0
10907,4,13.5,"['192.168.1.70:49127', '192.168.1.74:20000']","['192.168.1.70:49127', '192.168.1.74:20000']","[0, 2, 0, 0, 0, 0, 0, 0, 0, 0, 0, 0, 0, 0, 0, 0, 2, 0]",0,[],0,0
10908,4,13.5,"['192.168.1.70:49127', '192.168.1.74:20000']","['192.168.1.70:49127', '192.168.1.74:20000']","[0, 2, 0, 0, 0, 0, 0, 0, 0, 0, 0, 0, 0, 0, 0, 0, 2, 0]",0,[],0,0
10909,4,13.5,"['192.168.1.70:49127', '192.168.1.74:20000']","['192.168.1.70:49127', '192.168.1.74:20000']","[0, 2, 0, 0, 0, 0, 0, 0, 0, 0, 0, 0, 0, 0, 0, 0, 2, 0]",0,[],0,0
10910,6,13.5,"['192.168.1.70:49127', '192.168.1.74:20000']","['192.168.1.70:49127', '192.168.1.74:20000']","[0, 3, 0, 0, 0, 0, 0, 0, 0, 0, 0, 0, 0, 0, 0, 0, 3, 0]",0,[],0,0
10911,6,34.33,"['192.168.1.70:49127', '192.168.1.74:20000']","['192.168.1.70:49127', '192.168.1.74:20000']","[0, 3, 0, 0, 0, 0, 0, 0, 0, 0, 0, 0, 0, 0, 0, 0, 3, 0]",0,[],0,0
10912,4,13.5,"['192.168.1.70:49127', '192.168.1.74:20000']","['192.168.1.70:49127', '192.168.1.74:20000']","[0, 2, 0, 0, 0, 0, 0, 0, 0, 0, 0, 0, 0, 0, 0, 0, 2, 0]",0,[],0,0
10913,6,13.5,"['192.168.1.70:49127', '192.168.1.74:20000']","['192.168.1.70:49127', '192.168.1.74:20000']","[0, 3, 0, 0, 0, 0, 0, 0, 0, 0, 0, 0, 0, 0, 0, 0, 3, 0]",0,[],0,0
10914,4,13.5,"['192.168.1.70:49127', '192.168.1.74:20000']","['192.168.1.70:49127', '192.168.1.74:20000']","[0, 2, 0, 0, 0, 0, 0, 0, 0, 0, 0, 0, 0, 0, 0, 0, 2, 0]",0,[],0,0
10915,4,13.5,"['192.168.1.70:49127', '192.168.1.74:20000']","['192.168.1.70:49127', '192.168.1.74:20000']","[0, 2, 0, 0, 0, 0, 0, 0, 0, 0, 0, 0, 0, 0, 0, 0, 2, 0]",0,[],0,0
10916,6,13.5,"['192.168.1.70:49127', '192.168.1.74:20000']","['192.168.1.70:49127', '192.168.1.74:20000']","[0, 3, 0, 0, 0, 0, 0, 0, 0, 0, 0, 0, 0, 0, 0, 0, 3, 0]",0,[],0,0
10917,4,13.5,"['192.168.1.70:49127', '192.168.1.74:20000']","['192.168.1.70:49127', '192.168.1.74:20000']","[0, 2, 0, 0, 0, 0, 0, 0, 0, 0, 0, 0, 0, 0, 0, 0, 2, 0]",0,[],0,0
10918,6,13.5,"['192.168.1.70:49127', '192.168.1.74:20000']","['192.168.1.70:49127', '192.168.1.74:20000']","[0, 3, 0, 0, 0, 0, 0, 0, 0, 0, 0, 0, 0, 0, 0, 0, 3, 0]",0,[],0,0
10919,4,13.5,"['192.168.1.70:49127', '192.168.1.74:20000']","['192.168.1.70:49127', '192.168.1.74:20000']","[0, 2, 0, 0, 0, 0, 0, 0, 0, 0, 0, 0, 0, 0, 0, 0, 2, 0]",0,[],0,0
10920,4,13.5,"['192.168.1.70:49127', '192.168.1.74:20000']","['192.168.1.70:49127', '192.168.1.74:20000']","[0, 2, 0, 0, 0, 0, 0, 0, 0, 0, 0, 0, 0, 0, 0, 0, 2, 0]",0,[],0,0
10921,4,13.5,"['192.168.1.70:49127', '192.168.1.74:20000']","['192.168.1.70:49127', '192.168.1.74:20000']","[0, 2, 0, 0, 0, 0, 0, 0, 0, 0, 0, 0, 0, 0, 0, 0, 2, 0]",0,[],0,0
10922,6,13.5,"['192.168.1.70:49127', '192.168.1.74:20000']","['192.168.1.70:49127', '192.168.1.74:20000']","[0, 3, 0, 0, 0, 0, 0, 0, 0, 0, 0, 0, 0, 0, 0, 0, 3, 0]",0,[],0,0
10923,4,13.5,"['192.168.1.70:49127', '192.168.1.74:20000']","['192.168.1.70:49127', '192.168.1.74:20000']","[0, 2, 0, 0, 0, 0, 0, 0, 0, 0, 0, 0, 0, 0, 0, 0, 2, 0]",0,[],0,0
10924,6,34.33,"['192.168.1.70:49127', '192.168.1.74:20000']","['192.168.1.70:49127', '192.168.1.74:20000']","[0, 3, 0, 0, 0, 0, 0, 0, 0, 0, 0, 0, 0, 0, 0, 0, 3, 0]",0,[],0,0
10925,6,13.5,"['192.168.1.70:49127', '192.168.1.74:20000']","['192.168.1.70:49127', '192.168.1.74:20000']","[0, 3, 0, 0, 0, 0, 0, 0, 0, 0, 0, 0, 0, 0, 0, 0, 3, 0]",0,[],0,0
10926,4,13.5,"['192.168.1.70:49127', '192.168.1.74:20000']","['192.168.1.70:49127', '192.168.1.74:20000']","[0, 2, 0, 0, 0, 0, 0, 0, 0, 0, 0, 0, 0, 0, 0, 0, 2, 0]",0,[],0,0
10927,4,13.5,"['192.168.1.70:49127', '192.168.1.74:20000']","['192.168.1.70:49127', '192.168.1.74:20000']","[0, 2, 0, 0, 0, 0, 0, 0, 0, 0, 0, 0, 0, 0, 0, 0, 2, 0]",0,[],0,0
10928,6,13.5,"['192.168.1.70:49127', '192.168.1.74:20000']","['192.168.1.70:49127', '192.168.1.74:20000']","[0, 3, 0, 0, 0, 0, 0, 0, 0, 0, 0, 0, 0, 0, 0, 0, 3, 0]",0,[],0,0
10929,4,13.5,"['192.168.1.70:49127', '192.168.1.74:20000']","['192.168.1.70:49127', '192.168.1.74:20000']","[0, 2, 0, 0, 0, 0, 0, 0, 0, 0, 0, 0, 0, 0, 0, 0, 2, 0]",0,[],0,0
10930,4,13.5,"['192.168.1.70:49127', '192.168.1.74:20000']","['192.168.1.70:49127', '192.168.1.74:20000']","[0, 2, 0, 0, 0, 0, 0, 0, 0, 0, 0, 0, 0, 0, 0, 0, 2, 0]",0,[],0,0
10931,6,13.5,"['192.168.1.70:49127', '192.168.1.74:20000']","['192.168.1.70:49127', '192.168.1.74:20000']","[0, 3, 0, 0, 0, 0, 0, 0, 0, 0, 0, 0, 0, 0, 0, 0, 3, 0]",0,[],0,0
10932,4,13.5,"['192.168.1.70:49127', '192.168.1.74:20000']","['192.168.1.70:49127', '192.168.1.74:20000']","[0, 2, 0, 0, 0, 0, 0, 0, 0, 0, 0, 0, 0, 0, 0, 0, 2, 0]",0,[],0,0
10933,4,13.5,"['192.168.1.70:49127', '192.168.1.74:20000']","['192.168.1.70:49127', '192.168.1.74:20000']","[0, 2, 0, 0, 0, 0, 0, 0, 0, 0, 0, 0, 0, 0, 0, 0, 2, 0]",0,[],0,0
10934,6,13.5,"['192.168.1.70:49127', '192.168.1.74:20000']","['192.168.1.70:49127', '192.168.1.74:20000']","[0, 3, 0, 0, 0, 0, 0, 0, 0, 0, 0, 0, 0, 0, 0, 0, 3, 0]",0,[],0,0
10935,4,13.5,"['192.168.1.70:49127', '192.168.1.74:20000']","['192.168.1.70:49127', '192.168.1.74:20000']","[0, 2, 0, 0, 0, 0, 0, 0, 0, 0, 0, 0, 0, 0, 0, 0, 2, 0]",0,[],0,0
10936,4,13.5,"['192.168.1.70:49127', '192.168.1.74:20000']","['192.168.1.70:49127', '192.168.1.74:20000']","[0, 2, 0, 0, 0, 0, 0, 0, 0, 0, 0, 0, 0, 0, 0, 0, 2, 0]",0,[],0,0
10937,8,29.12,"['192.168.1.70:49127', '192.168.1.74:20000']","['192.168.1.70:49127', '192.168.1.74:20000']","[0, 4, 0, 0, 0, 0, 0, 0, 0, 0, 0, 0, 0, 0, 0, 0, 4, 0]",0,[],0,0
10938,4,13.5,"['192.168.1.70:49127', '192.168.1.74:20000']","['192.168.1.70:49127', '192.168.1.74:20000']","[0, 2, 0, 0, 0, 0, 0, 0, 0, 0, 0, 0, 0, 0, 0, 0, 2, 0]",0,[],0,0
10939,6,13.5,"['192.168.1.70:49127', '192.168.1.74:20000']","['192.168.1.70:49127', '192.168.1.74:20000']","[0, 3, 0, 0, 0, 0, 0, 0, 0, 0, 0, 0, 0, 0, 0, 0, 3, 0]",0,[],0,0